{
  "theta0": 8214.439164426503,
  "theta1": -18.59141390074318
}